"DESCRIPTION","DURATION IN MS","NAME","PARENT SUITE","START TIME","STATUS","STOP TIME","SUB SUITE","SUITE","TEST CLASS","TEST METHOD"
"","3848","TC_20_Default_Plan_Checking","Mobile Chrome","2026-10-03","passed","2026-10-03","","tests/streaming2-e2e.spec.js","",""
"","5080","TC_24_Coupon_Banner_Hierarchy_And_Persistence_Validation","Mobile Chrome","2026-10-03","passed","2026-10-03","","tests/streaming2-e2e.spec.js","",""
"","47364","TC_13_Classic_VIN_YMM_Edit_Validation","Mobile Chrome","2026-10-03","passed","2026-10-03","","tests/streaming2-e2e.spec.js","",""
"","5902","TC_24_Coupon_Banner_Hierarchy_And_Persistence_Validation","Desktop Chrome","2026-10-03","passed","2026-10-03","","tests/streaming2-e2e.spec.js","",""
"","6283","TC_02_VIN_Decode_Classic_Validation","Mobile Chrome","2026-10-03","passed","2026-10-03","","tests/streaming2-e2e.spec.js","",""
"","6281","TC_23_Sticker_Upsell_Text_Validation","Mobile Chrome","2026-10-03","passed","2026-10-03","","tests/streaming2-e2e.spec.js","",""
"","39668","TC_14_Classic_Manual_Input_Validation","Mobile Chrome","2026-10-03","passed","2026-10-03","","tests/streaming2-e2e.spec.js","",""
"","5824","TC_01_VIN_Decode_17_Character_Validation","Mobile Chrome","2026-10-03","passed","2026-10-03","","tests/streaming2-e2e.spec.js","",""
"","42745","TC_17_EU_VIN_Confirmation_No","Desktop Chrome","2026-10-03","passed","2026-10-03","","tests/streaming2-e2e.spec.js","",""
"","32431","TC_05_Window_Sticker_Revisit_Banner_Validation","Mobile Chrome","2026-10-03","passed","2026-10-03","","tests/streaming2-e2e.spec.js","",""
"","7346","TC_01_VIN_Decode_17_Character_Validation","Desktop Chrome","2026-10-03","passed","2026-10-03","","tests/streaming2-e2e.spec.js","",""
"","276","TC_07_Exit_Intent_Popup_Trigger_Validation","Mobile Chrome","2026-10-03","skipped","2026-10-03","","tests/streaming2-e2e.spec.js","",""
"","4338","TC_21_Window_Sticker_Default_Plan","Desktop Chrome","2026-10-03","passed","2026-10-03","","tests/streaming2-e2e.spec.js","",""
"","6866","TC_06_Preview_Page_Plan_Selection_Validation","Desktop Chrome","2026-10-03","passed","2026-10-03","","tests/streaming2-e2e.spec.js","",""
"","33044","TC_05_Window_Sticker_Revisit_Banner_Validation","Desktop Chrome","2026-10-03","passed","2026-10-03","","tests/streaming2-e2e.spec.js","",""
"","3918","TC_21_Window_Sticker_Default_Plan","Mobile Chrome","2026-10-03","passed","2026-10-03","","tests/streaming2-e2e.spec.js","",""
"","14516","TC_08_Home_To_Checkout_Price_Coupon_And_Email_Cache_Validation","Mobile Chrome","2026-10-03","passed","2026-10-03","","tests/streaming2-e2e.spec.js","",""
"","5618","TC_02_VIN_Decode_Classic_Validation","Desktop Chrome","2026-10-03","passed","2026-10-03","","tests/streaming2-e2e.spec.js","",""
"","42880","TC_15_Classic_Editible_Specs_Update","Desktop Chrome","2026-10-03","passed","2026-10-03","","tests/streaming2-e2e.spec.js","",""
"","4882","TC_20_Default_Plan_Checking","Desktop Chrome","2026-10-03","passed","2026-10-03","","tests/streaming2-e2e.spec.js","",""
"","46894","TC_14_Classic_Manual_Input_Validation","Desktop Chrome","2026-10-03","passed","2026-10-03","","tests/streaming2-e2e.spec.js","",""
"","60653","TC_15_Classic_Editible_Specs_Update","Mobile Chrome","2026-10-03","passed","2026-10-03","","tests/streaming2-e2e.spec.js","",""
"","16459","TC_08_Home_To_Checkout_Price_Coupon_And_Email_Cache_Validation","Desktop Chrome","2026-10-03","passed","2026-10-03","","tests/streaming2-e2e.spec.js","",""
"","4876","TC_22_VHR_Upsell_Text_Validation","Desktop Chrome","2026-10-03","passed","2026-10-03","","tests/streaming2-e2e.spec.js","",""
"","6141","TC_22_VHR_Upsell_Text_Validation","Mobile Chrome","2026-10-03","passed","2026-10-03","","tests/streaming2-e2e.spec.js","",""
"","55037","TC_13_Classic_VIN_YMM_Edit_Validation","Desktop Chrome","2026-10-03","passed","2026-10-03","","tests/streaming2-e2e.spec.js","",""
"","51447","TC_17_EU_VIN_Confirmation_No","Mobile Chrome","2026-10-03","passed","2026-10-03","","tests/streaming2-e2e.spec.js","",""
"","32918","TC_04_VHR_Revisit_Banner_Validation","Mobile Chrome","2026-10-03","passed","2026-10-03","","tests/streaming2-e2e.spec.js","",""
"","26596","TC_04_VHR_Revisit_Banner_Validation","Desktop Chrome","2026-10-03","passed","2026-10-03","","tests/streaming2-e2e.spec.js","",""
"","6417","TC_06_Preview_Page_Plan_Selection_Validation","Mobile Chrome","2026-10-03","passed","2026-10-03","","tests/streaming2-e2e.spec.js","",""
"","12543","TC_07_Exit_Intent_Popup_Trigger_Validation","Desktop Chrome","2026-10-03","passed","2026-10-03","","tests/streaming2-e2e.spec.js","",""
"","5413","TC_23_Sticker_Upsell_Text_Validation","Desktop Chrome","2026-10-03","passed","2026-10-03","","tests/streaming2-e2e.spec.js","",""
